Wolverine;wolverine@animeworld.jp;SniktSnikt2024;Marvel;
Hulk;hulk@adventure.org;Smash!Strong;Marvel;
Doctor Strange;doctor.strange@animeworld.jp;SorcererSupreme!;Marvel;
Hulk;hulk@magicmail.com;Smash!Strong;Marvel;
Star-Lord;star-lord@adventure.org;DanceOff2024;Marvel;
Iron Man;iron.man@magicmail.com;IamIronMan2024;Marvel;
Rocket Raccoon;rocket.raccoon@hero.net;TrashPanda!007;Marvel;
Scarlet Witch;scarlet.witch@hero.net;ChaosMagic123;Marvel;
Spider-Man;spider-man@adventure.org;WithGreatPower!;Marvel;
Ant-Man;ant-man@magicmail.com;TinyButMighty!;Marvel;
Black Panther;black.panther@animeworld.jp;WakandaForever!;Marvel;
Deadpool;deadpool@fictional.com;Chimichanga$007;Marvel;
Ant-Man;ant-man@fictional.com;TinyButMighty!;Marvel;
Black Widow;black.widow@fictional.com;RedRoomSpy!;Marvel;
Deadpool;deadpool@hero.net;Chimichanga$007;Marvel;
Venom;venom@adventure.org;WeAreVenom!@;Marvel;
Ant-Man;ant-man@animeworld.jp;TinyButMighty!;Marvel;
Hulk;hulk@fictional.com;Smash!Strong;Marvel;
Thor;thor@hero.net;Mjolnir!123;Marvel;
Wolverine;wolverine@adventure.org;SniktSnikt2024;Marvel;
Iron Man;iron.man@adventure.org;IamIronMan2024;Marvel;
Wolverine;wolverine@magicmail.com;SniktSnikt2024;Marvel;
Captain America;captain.america@adventure.org;Shield@1941;Marvel;
Wolverine;wolverine@animeworld.jp;SniktSnikt2024;Marvel;
Captain America;captain.america@hero.net;Shield@1941;Marvel;
Rocket Raccoon;rocket.raccoon@animeworld.jp;TrashPanda!007;Marvel;
Black Widow;black.widow@adventure.org;RedRoomSpy!;Marvel;
Gamora;gamora@fictional.com;GreenAssassin*123;Marvel;
Spider-Man;spider-man@animeworld.jp;WithGreatPower!;Marvel;
Black Panther;black.panther@hero.net;WakandaForever!;Marvel;
Gamora;gamora@adventure.org;GreenAssassin*123;Marvel;
Thor;thor@hero.net;Mjolnir!123;Marvel;
Deadpool;deadpool@hero.net;Chimichanga$007;Marvel;
Black Widow;black.widow@hero.net;RedRoomSpy!;Marvel;
Iron Man;iron.man@adventure.org;IamIronMan2024;Marvel;
Venom;venom@animeworld.jp;WeAreVenom!@;Marvel;
Scarlet Witch;scarlet.witch@hero.net;ChaosMagic123;Marvel;
Scarlet Witch;scarlet.witch@hero.net;ChaosMagic123;Marvel;
Black Widow;black.widow@animeworld.jp;RedRoomSpy!;Marvel;
Gamora;gamora@fictional.com;GreenAssassin*123;Marvel;
Black Panther;black.panther@fictional.com;WakandaForever!;Marvel;
Thanos;thanos@animeworld.jp;InfinityStones$123;Marvel;
Scarlet Witch;scarlet.witch@fictional.com;ChaosMagic123;Marvel;
Vision;vision@fictional.com;WandaL0ve;Marvel;
Rocket Raccoon;rocket.raccoon@hero.net;TrashPanda!007;Marvel;
Rocket Raccoon;rocket.raccoon@animeworld.jp;TrashPanda!007;Marvel;
Iron Man;iron.man@adventure.org;IamIronMan2024;Marvel;
Scarlet Witch;scarlet.witch@adventure.org;ChaosMagic123;Marvel;
Black Panther;black.panther@magicmail.com;WakandaForever!;Marvel;
Gamora;gamora@fictional.com;GreenAssassin*123;Marvel;
Venom;venom@magicmail.com;WeAreVenom!@;Marvel;
Groot;groot@adventure.org;IamGroot!!!;Marvel;
Captain America;captain.america@adventure.org;Shield@1941;Marvel;
Iron Man;iron.man@fictional.com;IamIronMan2024;Marvel;
Ant-Man;ant-man@animeworld.jp;TinyButMighty!;Marvel;
Scarlet Witch;scarlet.witch@adventure.org;ChaosMagic123;Marvel;
Star-Lord;star-lord@magicmail.com;DanceOff2024;Marvel;
Scarlet Witch;scarlet.witch@magicmail.com;ChaosMagic123;Marvel;
Thor;thor@hero.net;Mjolnir!123;Marvel;
Iron Man;iron.man@animeworld.jp;IamIronMan2024;Marvel;
Star-Lord;star-lord@animeworld.jp;DanceOff2024;Marvel;
Star-Lord;star-lord@hero.net;DanceOff2024;Marvel;
Iron Man;iron.man@magicmail.com;IamIronMan2024;Marvel;
Thanos;thanos@fictional.com;InfinityStones$123;Marvel;
Loki;loki@fictional.com;GodOfMischief!;Marvel;
Vision;vision@hero.net;WandaL0ve;Marvel;
Captain America;captain.america@animeworld.jp;Shield@1941;Marvel;
Gamora;gamora@magicmail.com;GreenAssassin*123;Marvel;
Deadpool;deadpool@fictional.com;Chimichanga$007;Marvel;
Black Widow;black.widow@animeworld.jp;RedRoomSpy!;Marvel;
Black Panther;black.panther@fictional.com;WakandaForever!;Marvel;
Black Widow;black.widow@fictional.com;RedRoomSpy!;Marvel;
Groot;groot@hero.net;IamGroot!!!;Marvel;
Star-Lord;star-lord@magicmail.com;DanceOff2024;Marvel;
Hulk;hulk@fictional.com;Smash!Strong;Marvel;
Gamora;gamora@hero.net;GreenAssassin*123;Marvel;
Iron Man;iron.man@animeworld.jp;IamIronMan2024;Marvel;
Black Panther;black.panther@hero.net;WakandaForever!;Marvel;
Venom;venom@hero.net;WeAreVenom!@;Marvel;
Venom;venom@hero.net;WeAreVenom!@;Marvel;
Groot;groot@fictional.com;IamGroot!!!;Marvel;
Wolverine;wolverine@magicmail.com;SniktSnikt2024;Marvel;
Gamora;gamora@adventure.org;GreenAssassin*123;Marvel;
Thanos;thanos@fictional.com;InfinityStones$123;Marvel;
Iron Man;iron.man@animeworld.jp;IamIronMan2024;Marvel;
Black Panther;black.panther@fictional.com;WakandaForever!;Marvel;
Spider-Man;spider-man@fictional.com;WithGreatPower!;Marvel;
Venom;venom@magicmail.com;WeAreVenom!@;Marvel;
Groot;groot@animeworld.jp;IamGroot!!!;Marvel;
Vision;vision@magicmail.com;WandaL0ve;Marvel;
Black Widow;black.widow@fictional.com;RedRoomSpy!;Marvel;
Doctor Strange;doctor.strange@hero.net;SorcererSupreme!;Marvel;
Groot;groot@hero.net;IamGroot!!!;Marvel;
Iron Man;iron.man@animeworld.jp;IamIronMan2024;Marvel;
Captain America;captain.america@adventure.org;Shield@1941;Marvel;
Doctor Strange;doctor.strange@fictional.com;SorcererSupreme!;Marvel;
Hulk;hulk@magicmail.com;Smash!Strong;Marvel;
Ant-Man;ant-man@animeworld.jp;TinyButMighty!;Marvel;
Spider-Man;spider-man@magicmail.com;WithGreatPower!;Marvel;
Hulk;hulk@adventure.org;Smash!Strong;Marvel;
Deadpool;deadpool@animeworld.jp;Chimichanga$007;Marvel;
Vision;vision@adventure.org;WandaL0ve;Marvel;
Ant-Man;ant-man@hero.net;TinyButMighty!;Marvel;
Thanos;thanos@fictional.com;InfinityStones$123;Marvel;
Rocket Raccoon;rocket.raccoon@fictional.com;TrashPanda!007;Marvel;
Star-Lord;star-lord@adventure.org;DanceOff2024;Marvel;
Groot;groot@adventure.org;IamGroot!!!;Marvel;
Captain America;captain.america@adventure.org;Shield@1941;Marvel;
Thor;thor@fictional.com;Mjolnir!123;Marvel;
Doctor Strange;doctor.strange@adventure.org;SorcererSupreme!;Marvel;
Hulk;hulk@adventure.org;Smash!Strong;Marvel;
Groot;groot@fictional.com;IamGroot!!!;Marvel;
Ant-Man;ant-man@adventure.org;TinyButMighty!;Marvel;
Wolverine;wolverine@adventure.org;SniktSnikt2024;Marvel;
Black Panther;black.panther@animeworld.jp;WakandaForever!;Marvel;
Doctor Strange;doctor.strange@fictional.com;SorcererSupreme!;Marvel;
Ant-Man;ant-man@adventure.org;TinyButMighty!;Marvel;
Venom;venom@fictional.com;WeAreVenom!@;Marvel;
Loki;loki@fictional.com;GodOfMischief!;Marvel;
Hulk;hulk@animeworld.jp;Smash!Strong;Marvel;
Vision;vision@hero.net;WandaL0ve;Marvel;
Ant-Man;ant-man@hero.net;TinyButMighty!;Marvel;
Captain America;captain.america@animeworld.jp;Shield@1941;Marvel;
Vision;vision@magicmail.com;WandaL0ve;Marvel;
Thanos;thanos@hero.net;InfinityStones$123;Marvel;
Wolverine;wolverine@animeworld.jp;SniktSnikt2024;Marvel;
Wolverine;wolverine@hero.net;SniktSnikt2024;Marvel;
Iron Man;iron.man@hero.net;IamIronMan2024;Marvel;
Scarlet Witch;scarlet.witch@adventure.org;ChaosMagic123;Marvel;
Groot;groot@hero.net;IamGroot!!!;Marvel;
Black Widow;black.widow@adventure.org;RedRoomSpy!;Marvel;
Iron Man;iron.man@animeworld.jp;IamIronMan2024;Marvel;
Captain America;captain.america@fictional.com;Shield@1941;Marvel;
Scarlet Witch;scarlet.witch@fictional.com;ChaosMagic123;Marvel;
Venom;venom@hero.net;WeAreVenom!@;Marvel;
Groot;groot@adventure.org;IamGroot!!!;Marvel;
Doctor Strange;doctor.strange@fictional.com;SorcererSupreme!;Marvel;
Iron Man;iron.man@magicmail.com;IamIronMan2024;Marvel;
Scarlet Witch;scarlet.witch@magicmail.com;ChaosMagic123;Marvel;
Captain America;captain.america@animeworld.jp;Shield@1941;Marvel;
Thor;thor@hero.net;Mjolnir!123;Marvel;
Hulk;hulk@magicmail.com;Smash!Strong;Marvel;
Rocket Raccoon;rocket.raccoon@magicmail.com;TrashPanda!007;Marvel;
Iron Man;iron.man@adventure.org;IamIronMan2024;Marvel;
Star-Lord;star-lord@fictional.com;DanceOff2024;Marvel;
Wolverine;wolverine@animeworld.jp;SniktSnikt2024;Marvel;
Deadpool;deadpool@hero.net;Chimichanga$007;Marvel;
Venom;venom@hero.net;WeAreVenom!@;Marvel;
Groot;groot@hero.net;IamGroot!!!;Marvel;
Loki;loki@magicmail.com;GodOfMischief!;Marvel;
Deadpool;deadpool@hero.net;Chimichanga$007;Marvel;
Vision;vision@adventure.org;WandaL0ve;Marvel;
Star-Lord;star-lord@adventure.org;DanceOff2024;Marvel;
Deadpool;deadpool@hero.net;Chimichanga$007;Marvel;
Doctor Strange;doctor.strange@magicmail.com;SorcererSupreme!;Marvel;
Spider-Man;spider-man@hero.net;WithGreatPower!;Marvel;
Black Widow;black.widow@adventure.org;RedRoomSpy!;Marvel;
Gamora;gamora@animeworld.jp;GreenAssassin*123;Marvel;
Venom;venom@fictional.com;WeAreVenom!@;Marvel;
Venom;venom@magicmail.com;WeAreVenom!@;Marvel;
Scarlet Witch;scarlet.witch@adventure.org;ChaosMagic123;Marvel;
Vision;vision@magicmail.com;WandaL0ve;Marvel;
Black Widow;black.widow@magicmail.com;RedRoomSpy!;Marvel;
Black Widow;black.widow@magicmail.com;RedRoomSpy!;Marvel;
Star-Lord;star-lord@hero.net;DanceOff2024;Marvel;
Scarlet Witch;scarlet.witch@animeworld.jp;ChaosMagic123;Marvel;
Black Widow;black.widow@hero.net;RedRoomSpy!;Marvel;
Captain America;captain.america@animeworld.jp;Shield@1941;Marvel;
Black Panther;black.panther@hero.net;WakandaForever!;Marvel;
Captain America;captain.america@animeworld.jp;Shield@1941;Marvel;
Ant-Man;ant-man@animeworld.jp;TinyButMighty!;Marvel;
Rocket Raccoon;rocket.raccoon@animeworld.jp;TrashPanda!007;Marvel;
Hulk;hulk@animeworld.jp;Smash!Strong;Marvel;
Loki;loki@animeworld.jp;GodOfMischief!;Marvel;
Black Panther;black.panther@adventure.org;WakandaForever!;Marvel;
Spider-Man;spider-man@adventure.org;WithGreatPower!;Marvel;
Black Widow;black.widow@fictional.com;RedRoomSpy!;Marvel;
Spider-Man;spider-man@hero.net;WithGreatPower!;Marvel;
Thanos;thanos@hero.net;InfinityStones$123;Marvel;
Star-Lord;star-lord@fictional.com;DanceOff2024;Marvel;
Thor;thor@adventure.org;Mjolnir!123;Marvel;
Star-Lord;star-lord@fictional.com;DanceOff2024;Marvel;
Black Widow;black.widow@adventure.org;RedRoomSpy!;Marvel;
Venom;venom@adventure.org;WeAreVenom!@;Marvel;
Star-Lord;star-lord@animeworld.jp;DanceOff2024;Marvel;
Loki;loki@hero.net;GodOfMischief!;Marvel;
Black Widow;black.widow@animeworld.jp;RedRoomSpy!;Marvel;
Ant-Man;ant-man@animeworld.jp;TinyButMighty!;Marvel;
Scarlet Witch;scarlet.witch@animeworld.jp;ChaosMagic123;Marvel;
Rocket Raccoon;rocket.raccoon@fictional.com;TrashPanda!007;Marvel;
Scarlet Witch;scarlet.witch@hero.net;ChaosMagic123;Marvel;
Thanos;thanos@fictional.com;InfinityStones$123;Marvel;
Black Panther;black.panther@animeworld.jp;WakandaForever!;Marvel;
Ant-Man;ant-man@adventure.org;TinyButMighty!;Marvel;
Star-Lord;star-lord@animeworld.jp;DanceOff2024;Marvel;
Rocket Raccoon;rocket.raccoon@fictional.com;TrashPanda!007;Marvel;
Groot;groot@adventure.org;IamGroot!!!;Marvel;
Venom;venom@fictional.com;WeAreVenom!@;Marvel;
Captain America;captain.america@hero.net;Shield@1941;Marvel;
Iron Man;iron.man@magicmail.com;IamIronMan2024;Marvel;
Aquaman;aquaman@fictional.com;KingOfAtlantis123;DC Comics;
Shazam;shazam@adventure.org;MagicWordSHAZAM;DC Comics;
Flash;flash@fictional.com;FastestManAlive!;DC Comics;
Joker;joker@magicmail.com;WhySoSerious?;DC Comics;
Aquaman;aquaman@animeworld.jp;KingOfAtlantis123;DC Comics;
Cyborg;cyborg@animeworld.jp;Booyah2024;DC Comics;
Harley Quinn;harley.quinn@animeworld.jp;PuddinLover!;DC Comics;
Flash;flash@animeworld.jp;FastestManAlive!;DC Comics;
Riddler;riddler@adventure.org;RiddleMeThis123;DC Comics;
Nightwing;nightwing@magicmail.com;FlyingGrayson2024;DC Comics;
Shazam;shazam@hero.net;MagicWordSHAZAM;DC Comics;
Robin;robin@fictional.com;BoyWonder!007;DC Comics;
Wonder Woman;wonder.woman@magicmail.com;AmazonPrincess!;DC Comics;
Flash;flash@animeworld.jp;FastestManAlive!;DC Comics;
Harley Quinn;harley.quinn@magicmail.com;PuddinLover!;DC Comics;
Superman;superman@animeworld.jp;Krypt0n1an;DC Comics;
Cyborg;cyborg@animeworld.jp;Booyah2024;DC Comics;
Two-Face;two-face@hero.net;FlipACoin@!;DC Comics;
Batman;batman@fictional.com;IamTheNight2024;DC Comics;
Cyborg;cyborg@magicmail.com;Booyah2024;DC Comics;
Penguin;penguin@hero.net;IcebergLounge2024;DC Comics;
Bane;bane@magicmail.com;BrokenBat123;DC Comics;
Darkseid;darkseid@adventure.org;OmegaBeam$123;DC Comics;
Shazam;shazam@fictional.com;MagicWordSHAZAM;DC Comics;
Batman;batman@animeworld.jp;IamTheNight2024;DC Comics;
Bane;bane@adventure.org;BrokenBat123;DC Comics;
Wonder Woman;wonder.woman@fictional.com;AmazonPrincess!;DC Comics;
Two-Face;two-face@adventure.org;FlipACoin@!;DC Comics;
Green Lantern;green.lantern@adventure.org;InBrightestDay!;DC Comics;
Penguin;penguin@animeworld.jp;IcebergLounge2024;DC Comics;
Joker;joker@fictional.com;WhySoSerious?;DC Comics;
Catwoman;catwoman@fictional.com;Whiskers!@2024;DC Comics;
Robin;robin@animeworld.jp;BoyWonder!007;DC Comics;
Catwoman;catwoman@adventure.org;Whiskers!@2024;DC Comics;
Flash;flash@magicmail.com;FastestManAlive!;DC Comics;
Two-Face;two-face@animeworld.jp;FlipACoin@!;DC Comics;
Catwoman;catwoman@fictional.com;Whiskers!@2024;DC Comics;
Wonder Woman;wonder.woman@adventure.org;AmazonPrincess!;DC Comics;
Green Lantern;green.lantern@magicmail.com;InBrightestDay!;DC Comics;
Green Lantern;green.lantern@animeworld.jp;InBrightestDay!;DC Comics;
Two-Face;two-face@adventure.org;FlipACoin@!;DC Comics;
Darkseid;darkseid@fictional.com;OmegaBeam$123;DC Comics;
Wonder Woman;wonder.woman@animeworld.jp;AmazonPrincess!;DC Comics;
Cyborg;cyborg@magicmail.com;Booyah2024;DC Comics;
Cyborg;cyborg@adventure.org;Booyah2024;DC Comics;
Robin;robin@animeworld.jp;BoyWonder!007;DC Comics;
Shazam;shazam@hero.net;MagicWordSHAZAM;DC Comics;
Darkseid;darkseid@adventure.org;OmegaBeam$123;DC Comics;
Harley Quinn;harley.quinn@magicmail.com;PuddinLover!;DC Comics;
Wonder Woman;wonder.woman@hero.net;AmazonPrincess!;DC Comics;
Two-Face;two-face@adventure.org;FlipACoin@!;DC Comics;
Joker;joker@magicmail.com;WhySoSerious?;DC Comics;
Robin;robin@fictional.com;BoyWonder!007;DC Comics;
Flash;flash@hero.net;FastestManAlive!;DC Comics;
Aquaman;aquaman@magicmail.com;KingOfAtlantis123;DC Comics;
Nightwing;nightwing@adventure.org;FlyingGrayson2024;DC Comics;
Cyborg;cyborg@hero.net;Booyah2024;DC Comics;
Wonder Woman;wonder.woman@adventure.org;AmazonPrincess!;DC Comics;
Aquaman;aquaman@fictional.com;KingOfAtlantis123;DC Comics;
Joker;joker@hero.net;WhySoSerious?;DC Comics;
Catwoman;catwoman@adventure.org;Whiskers!@2024;DC Comics;
Lex Luthor;lex.luthor@hero.net;GeniusBillionaire2024;DC Comics;
Bane;bane@animeworld.jp;BrokenBat123;DC Comics;
Catwoman;catwoman@magicmail.com;Whiskers!@2024;DC Comics;
Lex Luthor;lex.luthor@magicmail.com;GeniusBillionaire2024;DC Comics;
Robin;robin@hero.net;BoyWonder!007;DC Comics;
Lex Luthor;lex.luthor@magicmail.com;GeniusBillionaire2024;DC Comics;
Batman;batman@fictional.com;IamTheNight2024;DC Comics;
Cyborg;cyborg@animeworld.jp;Booyah2024;DC Comics;
Riddler;riddler@adventure.org;RiddleMeThis123;DC Comics;
Green Lantern;green.lantern@animeworld.jp;InBrightestDay!;DC Comics;
Lex Luthor;lex.luthor@adventure.org;GeniusBillionaire2024;DC Comics;
Two-Face;two-face@hero.net;FlipACoin@!;DC Comics;
Aquaman;aquaman@hero.net;KingOfAtlantis123;DC Comics;
Catwoman;catwoman@hero.net;Whiskers!@2024;DC Comics;
Harley Quinn;harley.quinn@fictional.com;PuddinLover!;DC Comics;
Green Lantern;green.lantern@magicmail.com;InBrightestDay!;DC Comics;
Aquaman;aquaman@hero.net;KingOfAtlantis123;DC Comics;
Cyborg;cyborg@hero.net;Booyah2024;DC Comics;
Riddler;riddler@hero.net;RiddleMeThis123;DC Comics;
Bane;bane@animeworld.jp;BrokenBat123;DC Comics;
Shazam;shazam@magicmail.com;MagicWordSHAZAM;DC Comics;
Flash;flash@hero.net;FastestManAlive!;DC Comics;
Green Lantern;green.lantern@magicmail.com;InBrightestDay!;DC Comics;
Superman;superman@magicmail.com;Krypt0n1an;DC Comics;
Penguin;penguin@fictional.com;IcebergLounge2024;DC Comics;
Superman;superman@adventure.org;Krypt0n1an;DC Comics;
Green Lantern;green.lantern@fictional.com;InBrightestDay!;DC Comics;
Joker;joker@magicmail.com;WhySoSerious?;DC Comics;
Green Lantern;green.lantern@fictional.com;InBrightestDay!;DC Comics;
Shazam;shazam@hero.net;MagicWordSHAZAM;DC Comics;
Superman;superman@hero.net;Krypt0n1an;DC Comics;
Lex Luthor;lex.luthor@adventure.org;GeniusBillionaire2024;DC Comics;
Riddler;riddler@fictional.com;RiddleMeThis123;DC Comics;
Aquaman;aquaman@magicmail.com;KingOfAtlantis123;DC Comics;
Joker;joker@hero.net;WhySoSerious?;DC Comics;
Catwoman;catwoman@fictional.com;Whiskers!@2024;DC Comics;
Cyborg;cyborg@hero.net;Booyah2024;DC Comics;
Joker;joker@fictional.com;WhySoSerious?;DC Comics;
Two-Face;two-face@hero.net;FlipACoin@!;DC Comics;
Penguin;penguin@fictional.com;IcebergLounge2024;DC Comics;
Wonder Woman;wonder.woman@hero.net;AmazonPrincess!;DC Comics;
Darkseid;darkseid@adventure.org;OmegaBeam$123;DC Comics;
Wonder Woman;wonder.woman@fictional.com;AmazonPrincess!;DC Comics;
Green Lantern;green.lantern@fictional.com;InBrightestDay!;DC Comics;
Darkseid;darkseid@magicmail.com;OmegaBeam$123;DC Comics;
Wonder Woman;wonder.woman@animeworld.jp;AmazonPrincess!;DC Comics;
Riddler;riddler@magicmail.com;RiddleMeThis123;DC Comics;
Lex Luthor;lex.luthor@adventure.org;GeniusBillionaire2024;DC Comics;
Shazam;shazam@magicmail.com;MagicWordSHAZAM;DC Comics;
Penguin;penguin@animeworld.jp;IcebergLounge2024;DC Comics;
Penguin;penguin@animeworld.jp;IcebergLounge2024;DC Comics;
Bane;bane@adventure.org;BrokenBat123;DC Comics;
Green Lantern;green.lantern@adventure.org;InBrightestDay!;DC Comics;
Aquaman;aquaman@animeworld.jp;KingOfAtlantis123;DC Comics;
Batman;batman@adventure.org;IamTheNight2024;DC Comics;
Superman;superman@adventure.org;Krypt0n1an;DC Comics;
Penguin;penguin@adventure.org;IcebergLounge2024;DC Comics;
Aquaman;aquaman@adventure.org;KingOfAtlantis123;DC Comics;
Catwoman;catwoman@animeworld.jp;Whiskers!@2024;DC Comics;
Superman;superman@animeworld.jp;Krypt0n1an;DC Comics;
Robin;robin@magicmail.com;BoyWonder!007;DC Comics;
Robin;robin@hero.net;BoyWonder!007;DC Comics;
Catwoman;catwoman@adventure.org;Whiskers!@2024;DC Comics;
Superman;superman@fictional.com;Krypt0n1an;DC Comics;
Nightwing;nightwing@adventure.org;FlyingGrayson2024;DC Comics;
Joker;joker@fictional.com;WhySoSerious?;DC Comics;
Two-Face;two-face@hero.net;FlipACoin@!;DC Comics;
Nightwing;nightwing@fictional.com;FlyingGrayson2024;DC Comics;
Catwoman;catwoman@fictional.com;Whiskers!@2024;DC Comics;
Superman;superman@fictional.com;Krypt0n1an;DC Comics;
Deathstroke;deathstroke@animeworld.jp;OneEyeWarrior123;DC Comics;
Bane;bane@magicmail.com;BrokenBat123;DC Comics;
Green Lantern;green.lantern@fictional.com;InBrightestDay!;DC Comics;
Catwoman;catwoman@fictional.com;Whiskers!@2024;DC Comics;
Aquaman;aquaman@fictional.com;KingOfAtlantis123;DC Comics;
Penguin;penguin@magicmail.com;IcebergLounge2024;DC Comics;
Penguin;penguin@hero.net;IcebergLounge2024;DC Comics;
Aquaman;aquaman@magicmail.com;KingOfAtlantis123;DC Comics;
Wonder Woman;wonder.woman@hero.net;AmazonPrincess!;DC Comics;
Green Lantern;green.lantern@hero.net;InBrightestDay!;DC Comics;
Two-Face;two-face@fictional.com;FlipACoin@!;DC Comics;
Wonder Woman;wonder.woman@animeworld.jp;AmazonPrincess!;DC Comics;
Deathstroke;deathstroke@adventure.org;OneEyeWarrior123;DC Comics;
Riddler;riddler@hero.net;RiddleMeThis123;DC Comics;
Superman;superman@hero.net;Krypt0n1an;DC Comics;
Catwoman;catwoman@fictional.com;Whiskers!@2024;DC Comics;
Catwoman;catwoman@hero.net;Whiskers!@2024;DC Comics;
Batman;batman@animeworld.jp;IamTheNight2024;DC Comics;
Batman;batman@hero.net;IamTheNight2024;DC Comics;
Two-Face;two-face@magicmail.com;FlipACoin@!;DC Comics;
Darkseid;darkseid@magicmail.com;OmegaBeam$123;DC Comics;
Deathstroke;deathstroke@magicmail.com;OneEyeWarrior123;DC Comics;
Catwoman;catwoman@hero.net;Whiskers!@2024;DC Comics;
Darkseid;darkseid@hero.net;OmegaBeam$123;DC Comics;
Shazam;shazam@magicmail.com;MagicWordSHAZAM;DC Comics;
Deathstroke;deathstroke@hero.net;OneEyeWarrior123;DC Comics;
Riddler;riddler@animeworld.jp;RiddleMeThis123;DC Comics;
Deathstroke;deathstroke@fictional.com;OneEyeWarrior123;DC Comics;
Shazam;shazam@fictional.com;MagicWordSHAZAM;DC Comics;
Catwoman;catwoman@hero.net;Whiskers!@2024;DC Comics;
Shazam;shazam@magicmail.com;MagicWordSHAZAM;DC Comics;
Darkseid;darkseid@magicmail.com;OmegaBeam$123;DC Comics;
Harley Quinn;harley.quinn@hero.net;PuddinLover!;DC Comics;
Shazam;shazam@hero.net;MagicWordSHAZAM;DC Comics;
Cyborg;cyborg@adventure.org;Booyah2024;DC Comics;
Aquaman;aquaman@magicmail.com;KingOfAtlantis123;DC Comics;
Riddler;riddler@fictional.com;RiddleMeThis123;DC Comics;
Green Lantern;green.lantern@fictional.com;InBrightestDay!;DC Comics;
Cyborg;cyborg@magicmail.com;Booyah2024;DC Comics;
Robin;robin@animeworld.jp;BoyWonder!007;DC Comics;
Nightwing;nightwing@hero.net;FlyingGrayson2024;DC Comics;
Darkseid;darkseid@adventure.org;OmegaBeam$123;DC Comics;
Nightwing;nightwing@adventure.org;FlyingGrayson2024;DC Comics;
Deathstroke;deathstroke@fictional.com;OneEyeWarrior123;DC Comics;
Catwoman;catwoman@adventure.org;Whiskers!@2024;DC Comics;
Lex Luthor;lex.luthor@magicmail.com;GeniusBillionaire2024;DC Comics;
Green Lantern;green.lantern@fictional.com;InBrightestDay!;DC Comics;
Two-Face;two-face@fictional.com;FlipACoin@!;DC Comics;
Bane;bane@adventure.org;BrokenBat123;DC Comics;
Penguin;penguin@adventure.org;IcebergLounge2024;DC Comics;
Wonder Woman;wonder.woman@hero.net;AmazonPrincess!;DC Comics;
Shazam;shazam@fictional.com;MagicWordSHAZAM;DC Comics;
Cyborg;cyborg@animeworld.jp;Booyah2024;DC Comics;
Shazam;shazam@adventure.org;MagicWordSHAZAM;DC Comics;
Bane;bane@animeworld.jp;BrokenBat123;DC Comics;
Wonder Woman;wonder.woman@animeworld.jp;AmazonPrincess!;DC Comics;
Bane;bane@adventure.org;BrokenBat123;DC Comics;
Superman;superman@magicmail.com;Krypt0n1an;DC Comics;
Darkseid;darkseid@fictional.com;OmegaBeam$123;DC Comics;
Lex Luthor;lex.luthor@magicmail.com;GeniusBillionaire2024;DC Comics;
Two-Face;two-face@adventure.org;FlipACoin@!;DC Comics;
Joker;joker@hero.net;WhySoSerious?;DC Comics;
Superman;superman@magicmail.com;Krypt0n1an;DC Comics;
Batman;batman@adventure.org;IamTheNight2024;DC Comics;
Cyborg;cyborg@adventure.org;Booyah2024;DC Comics;
Batman;batman@hero.net;IamTheNight2024;DC Comics;
Cyborg;cyborg@fictional.com;Booyah2024;DC Comics;
Darkseid;darkseid@fictional.com;OmegaBeam$123;DC Comics;
Two-Face;two-face@magicmail.com;FlipACoin@!;DC Comics;
Light Yagami;light.yagami@magicmail.com;Justic3!;Anime;
Natsu Dragneel;natsu.dragneel@animeworld.jp;;Anime;
Gaara;gaara@adventure.org;;Anime;
Alphonse Elric;alphonse.elric@adventure.org;ArmoredSoul2024;Anime;
Asuka Langley;asuka.langley@adventure.org;EvaPilot#02!;Anime;
Alphonse Elric;alphonse.elric@adventure.org;ArmoredSoul2024;Anime;
Kenshin;kenshin@adventure.org;Battousai!@2024;Anime;
Majin Buu;majin.buu@fictional.com;;Anime;
Saitama;saitama@adventure.org;OnePunch2024!;Anime;
Luffy;luffy@fictional.com;PirateKing2024!;Anime;
Rukia Kuchiki;rukia.kuchiki@adventure.org;ChappyL0ve!;Anime;
Zoro;zoro@fictional.com;;Anime;
Asuka Langley;asuka.langley@hero.net;EvaPilot#02!;Anime;
Shinji Ikari;shinji.ikari@animeworld.jp;GetInTheEva!@;Anime;
Eren Jaeger;eren.jaeger@hero.net;TitanShifter!123;Anime;
Kenshin;kenshin@fictional.com;Battousai!@2024;Anime;
Levi Ackerman;levi.ackerman@fictional.com;HumanityStrongest!;Anime;
Ichigo;ichigo@animeworld.jp;Bankai!2024;Anime;
Saitama;saitama@hero.net;OnePunch2024!;Anime;
Alphonse Elric;alphonse.elric@hero.net;ArmoredSoul2024;Anime;
Luffy;luffy@animeworld.jp;PirateKing2024!;Anime;
Erza Scarlet;erza.scarlet@fictional.com;;Anime;
Eren Jaeger;eren.jaeger@fictional.com;TitanShifter!123;Anime;
Erza Scarlet;erza.scarlet@magicmail.com;;Anime;
Levi Ackerman;levi.ackerman@hero.net;HumanityStrongest!;Anime;
Sasuke;sasuke@fictional.com;Sharingan123!;Anime;
Cell;cell@adventure.org;;Anime;
Rukia Kuchiki;rukia.kuchiki@animeworld.jp;ChappyL0ve!;Anime;
Alphonse Elric;alphonse.elric@magicmail.com;ArmoredSoul2024;Anime;
Nami;nami@hero.net;;Anime;
Asuka Langley;asuka.langley@adventure.org;EvaPilot#02!;Anime;
Frieza;frieza@fictional.com;;Anime;
Gaara;gaara@animeworld.jp;;Anime;
Edward Elric;edward.elric@hero.net;Fullmetal123!;Anime;
Levi Ackerman;levi.ackerman@magicmail.com;HumanityStrongest!;Anime;
Sakura Haruno;sakura.haruno@adventure.org;MedicalNinja@2024;Anime;
Majin Buu;majin.buu@adventure.org;;Anime;
Madara Uchiha;madara.uchiha@hero.net;;Anime;
Naruto;naruto@animeworld.jp;BelieveIt!@2024;Anime;
Vegeta;vegeta@hero.net;PrinceOfSaiyans!;Anime;
Kenshin;kenshin@adventure.org;Battousai!@2024;Anime;
Genos;genos@fictional.com;CyborgHero007!;Anime;
Zoro;zoro@adventure.org;;Anime;
Lucy Heartfilia;lucy.heartfilia@hero.net;;Anime;
Ichigo;ichigo@hero.net;Bankai!2024;Anime;
Gaara;gaara@fictional.com;;Anime;
Sakura Haruno;sakura.haruno@magicmail.com;MedicalNinja@2024;Anime;
Erza Scarlet;erza.scarlet@adventure.org;;Anime;
Naruto;naruto@animeworld.jp;BelieveIt!@2024;Anime;
Gaara;gaara@hero.net;;Anime;
Sakura Haruno;sakura.haruno@fictional.com;MedicalNinja@2024;Anime;
Ichigo;ichigo@fictional.com;Bankai!2024;Anime;
Inuyasha;inuyasha@magicmail.com;;Anime;
Mikasa Ackerman;mikasa.ackerman@hero.net;ProtectEren123!;Anime;
Ichigo;ichigo@animeworld.jp;Bankai!2024;Anime;
Eren Jaeger;eren.jaeger@adventure.org;TitanShifter!123;Anime;
Natsu Dragneel;natsu.dragneel@magicmail.com;;Anime;
Asuka Langley;asuka.langley@adventure.org;EvaPilot#02!;Anime;
Eren Jaeger;eren.jaeger@hero.net;TitanShifter!123;Anime;
Sasuke;sasuke@fictional.com;Sharingan123!;Anime;
Sakura Haruno;sakura.haruno@magicmail.com;MedicalNinja@2024;Anime;
Gaara;gaara@fictional.com;;Anime;
Majin Buu;majin.buu@animeworld.jp;;Anime;
Gaara;gaara@hero.net;;Anime;
Madara Uchiha;madara.uchiha@magicmail.com;;Anime;
Nami;nami@magicmail.com;;Anime;
Asuka Langley;asuka.langley@animeworld.jp;EvaPilot#02!;Anime;
Goku;goku@magicmail.com;Kamehameha!!123;Anime;
Mikasa Ackerman;mikasa.ackerman@animeworld.jp;ProtectEren123!;Anime;
Shinji Ikari;shinji.ikari@fictional.com;GetInTheEva!@;Anime;
Rukia Kuchiki;rukia.kuchiki@animeworld.jp;ChappyL0ve!;Anime;
Goku;goku@adventure.org;Kamehameha!!123;Anime;
Saitama;saitama@hero.net;OnePunch2024!;Anime;
Majin Buu;majin.buu@animeworld.jp;;Anime;
Natsu Dragneel;natsu.dragneel@hero.net;;Anime;
Sasuke;sasuke@magicmail.com;Sharingan123!;Anime;
Cell;cell@fictional.com;;Anime;
Piccolo;piccolo@adventure.org;;Anime;
Levi Ackerman;levi.ackerman@fictional.com;HumanityStrongest!;Anime;
Nami;nami@magicmail.com;;Anime;
Genos;genos@animeworld.jp;CyborgHero007!;Anime;
Rukia Kuchiki;rukia.kuchiki@magicmail.com;ChappyL0ve!;Anime;
Miroku;miroku@adventure.org;;Anime;
Kagome;kagome@magicmail.com;;Anime;
Luffy;luffy@animeworld.jp;PirateKing2024!;Anime;
Natsu Dragneel;natsu.dragneel@fictional.com;;Anime;
Madara Uchiha;madara.uchiha@magicmail.com;;Anime;
Sakura Haruno;sakura.haruno@hero.net;MedicalNinja@2024;Anime;
Saitama;saitama@adventure.org;OnePunch2024!;Anime;
Deku;deku@adventure.org;OneForAll!123;Anime;
Ichigo;ichigo@hero.net;Bankai!2024;Anime;
Kakashi;kakashi@adventure.org;;Anime;
Todoroki;todoroki@fictional.com;HalfColdHalfHot!;Anime;
Ichigo;ichigo@magicmail.com;Bankai!2024;Anime;
Luffy;luffy@hero.net;PirateKing2024!;Anime;
Mikasa Ackerman;mikasa.ackerman@fictional.com;ProtectEren123!;Anime;
Lucy Heartfilia;lucy.heartfilia@hero.net;;Anime;
Vegeta;vegeta@fictional.com;PrinceOfSaiyans!;Anime;
Todoroki;todoroki@hero.net;HalfColdHalfHot!;Anime;
Lucy Heartfilia;lucy.heartfilia@adventure.org;;Anime;
Kakashi;kakashi@animeworld.jp;;Anime;
Miroku;miroku@hero.net;;Anime;
Luffy;luffy@animeworld.jp;PirateKing2024!;Anime;
Sanji;sanji@magicmail.com;;Anime;
Saitama;saitama@fictional.com;OnePunch2024!;Anime;
Zoro;zoro@animeworld.jp;;Anime;
Alphonse Elric;alphonse.elric@fictional.com;ArmoredSoul2024;Anime;
Ichigo;ichigo@fictional.com;Bankai!2024;Anime;
Asuka Langley;asuka.langley@hero.net;EvaPilot#02!;Anime;
Lucy Heartfilia;lucy.heartfilia@hero.net;;Anime;
Shinji Ikari;shinji.ikari@animeworld.jp;GetInTheEva!@;Anime;
Vegeta;vegeta@animeworld.jp;PrinceOfSaiyans!;Anime;
Ichigo;ichigo@magicmail.com;Bankai!2024;Anime;
Vegeta;vegeta@animeworld.jp;PrinceOfSaiyans!;Anime;
Sango;sango@adventure.org;;Anime;
Frieza;frieza@fictional.com;;Anime;
Shinji Ikari;shinji.ikari@fictional.com;GetInTheEva!@;Anime;
Kakashi;kakashi@magicmail.com;;Anime;
Asuka Langley;asuka.langley@magicmail.com;EvaPilot#02!;Anime;
Sango;sango@fictional.com;;Anime;
Kagome;kagome@hero.net;;Anime;
Natsu Dragneel;natsu.dragneel@fictional.com;;Anime;
Luffy;luffy@animeworld.jp;PirateKing2024!;Anime;
Sango;sango@hero.net;;Anime;
Ichigo;ichigo@fictional.com;Bankai!2024;Anime;
Eren Jaeger;eren.jaeger@fictional.com;TitanShifter!123;Anime;
Cell;cell@hero.net;;Anime;
Alphonse Elric;alphonse.elric@magicmail.com;ArmoredSoul2024;Anime;
Asuka Langley;asuka.langley@fictional.com;EvaPilot#02!;Anime;
Nami;nami@animeworld.jp;;Anime;
Alphonse Elric;alphonse.elric@fictional.com;ArmoredSoul2024;Anime;
Miroku;miroku@animeworld.jp;;Anime;
Miroku;miroku@fictional.com;;Anime;
Madara Uchiha;madara.uchiha@animeworld.jp;;Anime;
Gaara;gaara@fictional.com;;Anime;
Sakura Haruno;sakura.haruno@fictional.com;MedicalNinja@2024;Anime;
Nami;nami@adventure.org;;Anime;
Kenshin;kenshin@hero.net;Battousai!@2024;Anime;
Gaara;gaara@fictional.com;;Anime;
Asuka Langley;asuka.langley@adventure.org;EvaPilot#02!;Anime;
Deku;deku@animeworld.jp;OneForAll!123;Anime;
Piccolo;piccolo@fictional.com;;Anime;
Genos;genos@fictional.com;CyborgHero007!;Anime;
Genos;genos@adventure.org;CyborgHero007!;Anime;
Eren Jaeger;eren.jaeger@fictional.com;TitanShifter!123;Anime;
Todoroki;todoroki@adventure.org;HalfColdHalfHot!;Anime;
Ichigo;ichigo@adventure.org;Bankai!2024;Anime;
Natsu Dragneel;natsu.dragneel@animeworld.jp;;Anime;
Mikasa Ackerman;mikasa.ackerman@hero.net;ProtectEren123!;Anime;
Mikasa Ackerman;mikasa.ackerman@adventure.org;ProtectEren123!;Anime;
Sanji;sanji@hero.net;;Anime;
Vegeta;vegeta@fictional.com;PrinceOfSaiyans!;Anime;
Erza Scarlet;erza.scarlet@fictional.com;;Anime;
Sanji;sanji@animeworld.jp;;Anime;
Miroku;miroku@adventure.org;;Anime;
Sanji;sanji@animeworld.jp;;Anime;
Inuyasha;inuyasha@animeworld.jp;;Anime;
Gaara;gaara@adventure.org;;Anime;
Gray Fullbuster;gray.fullbuster@adventure.org;;Anime;
Zoro;zoro@fictional.com;;Anime;
Light Yagami;light.yagami@magicmail.com;Justic3!;Anime;
Sasuke;sasuke@hero.net;Sharingan123!;Anime;
Kenshin;kenshin@animeworld.jp;Battousai!@2024;Anime;
Miroku;miroku@adventure.org;;Anime;
Naruto;naruto@adventure.org;BelieveIt!@2024;Anime;
Kagome;kagome@fictional.com;;Anime;
Gaara;gaara@animeworld.jp;;Anime;
Frieza;frieza@animeworld.jp;;Anime;
Lucy Heartfilia;lucy.heartfilia@animeworld.jp;;Anime;
Edward Elric;edward.elric@adventure.org;Fullmetal123!;Anime;
Levi Ackerman;levi.ackerman@adventure.org;HumanityStrongest!;Anime;
Asuka Langley;asuka.langley@animeworld.jp;EvaPilot#02!;Anime;
Erza Scarlet;erza.scarlet@adventure.org;;Anime;
Todoroki;todoroki@adventure.org;HalfColdHalfHot!;Anime;
Piccolo;piccolo@adventure.org;;Anime;
Luffy;luffy@magicmail.com;PirateKing2024!;Anime;
Piccolo;piccolo@hero.net;;Anime;
Madara Uchiha;madara.uchiha@fictional.com;;Anime;
Todoroki;todoroki@magicmail.com;HalfColdHalfHot!;Anime;
Gray Fullbuster;gray.fullbuster@animeworld.jp;;Anime;
Miroku;miroku@hero.net;;Anime;
Frieza;frieza@adventure.org;;Anime;
Gray Fullbuster;gray.fullbuster@animeworld.jp;;Anime;
Saitama;saitama@fictional.com;OnePunch2024!;Anime;
Rukia Kuchiki;rukia.kuchiki@fictional.com;ChappyL0ve!;Anime;
Asuka Langley;asuka.langley@adventure.org;EvaPilot#02!;Anime;
Miroku;miroku@adventure.org;;Anime;
Frieza;frieza@fictional.com;;Anime;
Alphonse Elric;alphonse.elric@hero.net;ArmoredSoul2024;Anime;
Majin Buu;majin.buu@adventure.org;;Anime;
Asuka Langley;asuka.langley@adventure.org;EvaPilot#02!;Anime;
Vegeta;vegeta@hero.net;PrinceOfSaiyans!;Anime;
Kenshin;kenshin@hero.net;Battousai!@2024;Anime;
Gaara;gaara@adventure.org;;Anime;
Asuka Langley;asuka.langley@magicmail.com;EvaPilot#02!;Anime;
Frieza;frieza@animeworld.jp;;Anime;
Alphonse Elric;alphonse.elric@fictional.com;ArmoredSoul2024;Anime;
Miroku;miroku@hero.net;;Anime;
Goku;goku@animeworld.jp;Kamehameha!!123;Anime;
Sasuke;sasuke@hero.net;Sharingan123!;Anime;
Sasuke;sasuke@animeworld.jp;Sharingan123!;Anime;
Cell;cell@fictional.com;;Anime;
Kenshin;kenshin@magicmail.com;Battousai!@2024;Anime;
Rukia Kuchiki;rukia.kuchiki@fictional.com;ChappyL0ve!;Anime;
Nami;nami@hero.net;;Anime;
Luffy;luffy@animeworld.jp;PirateKing2024!;Anime;
Kakashi;kakashi@animeworld.jp;;Anime;
Todoroki;todoroki@hero.net;HalfColdHalfHot!;Anime;
Inuyasha;inuyasha@adventure.org;;Anime;
Deku;deku@magicmail.com;OneForAll!123;Anime;
Gray Fullbuster;gray.fullbuster@adventure.org;;Anime;
Majin Buu;majin.buu@hero.net;;Anime;
Nami;nami@animeworld.jp;;Anime;
Ichigo;ichigo@animeworld.jp;Bankai!2024;Anime;
Asuka Langley;asuka.langley@adventure.org;EvaPilot#02!;Anime;
Genos;genos@hero.net;CyborgHero007!;Anime;
Mikasa Ackerman;mikasa.ackerman@hero.net;ProtectEren123!;Anime;
Sango;sango@adventure.org;;Anime;
Alphonse Elric;alphonse.elric@magicmail.com;ArmoredSoul2024;Anime;
Sakura Haruno;sakura.haruno@animeworld.jp;MedicalNinja@2024;Anime;
Vegeta;vegeta@animeworld.jp;PrinceOfSaiyans!;Anime;
Gray Fullbuster;gray.fullbuster@animeworld.jp;;Anime;
Inuyasha;inuyasha@adventure.org;;Anime;
Rukia Kuchiki;rukia.kuchiki@fictional.com;ChappyL0ve!;Anime;
Alphonse Elric;alphonse.elric@magicmail.com;ArmoredSoul2024;Anime;
Kenshin;kenshin@magicmail.com;Battousai!@2024;Anime;
Miroku;miroku@fictional.com;;Anime;
Kagome;kagome@hero.net;;Anime;
Luffy;luffy@adventure.org;PirateKing2024!;Anime;
Goku;goku@fictional.com;Kamehameha!!123;Anime;
Naruto;naruto@fictional.com;BelieveIt!@2024;Anime;
Genos;genos@magicmail.com;CyborgHero007!;Anime;
Zoro;zoro@fictional.com;;Anime;
Alphonse Elric;alphonse.elric@animeworld.jp;ArmoredSoul2024;Anime;
Inuyasha;inuyasha@hero.net;;Anime;
Naruto;naruto@magicmail.com;BelieveIt!@2024;Anime;
Ichigo;ichigo@fictional.com;Bankai!2024;Anime;
Madara Uchiha;madara.uchiha@animeworld.jp;;Anime;
Genos;genos@adventure.org;CyborgHero007!;Anime;
Levi Ackerman;levi.ackerman@adventure.org;HumanityStrongest!;Anime;
Saitama;saitama@animeworld.jp;OnePunch2024!;Anime;
Ichigo;ichigo@animeworld.jp;Bankai!2024;Anime;
Sakura Haruno;sakura.haruno@hero.net;MedicalNinja@2024;Anime;
Mikasa Ackerman;mikasa.ackerman@magicmail.com;ProtectEren123!;Anime;
Kenshin;kenshin@adventure.org;Battousai!@2024;Anime;
Natsu Dragneel;natsu.dragneel@fictional.com;;Anime;
Luffy;luffy@adventure.org;PirateKing2024!;Anime;
Deku;deku@fictional.com;OneForAll!123;Anime;
Shinji Ikari;shinji.ikari@magicmail.com;GetInTheEva!@;Anime;
Sakura Haruno;sakura.haruno@fictional.com;MedicalNinja@2024;Anime;
Kagome;kagome@animeworld.jp;;Anime;
Light Yagami;light.yagami@hero.net;Justic3!;Anime;
Levi Ackerman;levi.ackerman@animeworld.jp;HumanityStrongest!;Anime;
Kagome;kagome@adventure.org;;Anime;
Rukia Kuchiki;rukia.kuchiki@animeworld.jp;ChappyL0ve!;Anime;
Deku;deku@magicmail.com;OneForAll!123;Anime;
Deku;deku@adventure.org;OneForAll!123;Anime;
Light Yagami;light.yagami@magicmail.com;Justic3!;Anime;
Majin Buu;majin.buu@magicmail.com;;Anime;
Ichigo;ichigo@hero.net;Bankai!2024;Anime;
Sanji;sanji@hero.net;;Anime;
Zoro;zoro@magicmail.com;;Anime;
Kenshin;kenshin@animeworld.jp;Battousai!@2024;Anime;
Levi Ackerman;levi.ackerman@hero.net;HumanityStrongest!;Anime;
Majin Buu;majin.buu@magicmail.com;;Anime;
Saitama;saitama@fictional.com;OnePunch2024!;Anime;
Ichigo;ichigo@magicmail.com;Bankai!2024;Anime;
Natsu Dragneel;natsu.dragneel@hero.net;;Anime;
Miroku;miroku@animeworld.jp;;Anime;
Rukia Kuchiki;rukia.kuchiki@fictional.com;ChappyL0ve!;Anime;
Miroku;miroku@magicmail.com;;Anime;
Saitama;saitama@adventure.org;OnePunch2024!;Anime;
Light Yagami;light.yagami@animeworld.jp;Justic3!;Anime;
Sasuke;sasuke@magicmail.com;Sharingan123!;Anime;
Cell;cell@magicmail.com;;Anime;
Majin Buu;majin.buu@magicmail.com;;Anime;
Lucy Heartfilia;lucy.heartfilia@magicmail.com;;Anime;
Sakura Haruno;sakura.haruno@magicmail.com;MedicalNinja@2024;Anime;
Asuka Langley;asuka.langley@animeworld.jp;EvaPilot#02!;Anime;
Sakura Haruno;sakura.haruno@fictional.com;MedicalNinja@2024;Anime;
Sango;sango@animeworld.jp;;Anime;
Gray Fullbuster;gray.fullbuster@animeworld.jp;;Anime;
Vegeta;vegeta@fictional.com;PrinceOfSaiyans!;Anime;
Sango;sango@fictional.com;;Anime;
Inuyasha;inuyasha@hero.net;;Anime;
Sanji;sanji@adventure.org;;Anime;
Rukia Kuchiki;rukia.kuchiki@fictional.com;ChappyL0ve!;Anime;
Mikasa Ackerman;mikasa.ackerman@hero.net;ProtectEren123!;Anime;
Nami;nami@hero.net;;Anime;
Naruto;naruto@adventure.org;BelieveIt!@2024;Anime;
Sango;sango@magicmail.com;;Anime;
Gaara;gaara@adventure.org;;Anime;
Mikasa Ackerman;mikasa.ackerman@adventure.org;ProtectEren123!;Anime;
Todoroki;todoroki@fictional.com;HalfColdHalfHot!;Anime;
Saitama;saitama@adventure.org;OnePunch2024!;Anime;
Piccolo;piccolo@magicmail.com;;Anime;
Zoro;zoro@magicmail.com;;Anime;
Sasuke;sasuke@animeworld.jp;Sharingan123!;Anime;
Erza Scarlet;erza.scarlet@hero.net;;Anime;
Kagome;kagome@magicmail.com;;Anime;
Goku;goku@animeworld.jp;Kamehameha!!123;Anime;
Naruto;naruto@adventure.org;BelieveIt!@2024;Anime;
Eren Jaeger;eren.jaeger@animeworld.jp;TitanShifter!123;Anime;
Naruto;naruto@fictional.com;BelieveIt!@2024;Anime;
Cell;cell@fictional.com;;Anime;
Majin Buu;majin.buu@magicmail.com;;Anime;
Kenshin;kenshin@adventure.org;Battousai!@2024;Anime;
Saitama;saitama@animeworld.jp;OnePunch2024!;Anime;
Natsu Dragneel;natsu.dragneel@adventure.org;;Anime;
Kenshin;kenshin@adventure.org;Battousai!@2024;Anime;
Alphonse Elric;alphonse.elric@adventure.org;ArmoredSoul2024;Anime;
Frieza;frieza@magicmail.com;;Anime;
Erza Scarlet;erza.scarlet@magicmail.com;;Anime;
Kenshin;kenshin@fictional.com;Battousai!@2024;Anime;
Saitama;saitama@magicmail.com;OnePunch2024!;Anime;
Saitama;saitama@fictional.com;OnePunch2024!;Anime;
Piccolo;piccolo@hero.net;;Anime;
Mikasa Ackerman;mikasa.ackerman@magicmail.com;ProtectEren123!;Anime;
Light Yagami;light.yagami@fictional.com;Justic3!;Anime;
Alphonse Elric;alphonse.elric@magicmail.com;ArmoredSoul2024;Anime;
Naruto;naruto@adventure.org;BelieveIt!@2024;Anime;
Sakura Haruno;sakura.haruno@magicmail.com;MedicalNinja@2024;Anime;
Madara Uchiha;madara.uchiha@fictional.com;;Anime;
Cell;cell@hero.net;;Anime;
Natsu Dragneel;natsu.dragneel@fictional.com;;Anime;
Majin Buu;majin.buu@magicmail.com;;Anime;
Eren Jaeger;eren.jaeger@hero.net;TitanShifter!123;Anime;
Mikasa Ackerman;mikasa.ackerman@hero.net;ProtectEren123!;Anime;
Goku;goku@adventure.org;Kamehameha!!123;Anime;
Majin Buu;majin.buu@magicmail.com;;Anime;
Piccolo;piccolo@magicmail.com;;Anime;
Lucy Heartfilia;lucy.heartfilia@fictional.com;;Anime;
Rukia Kuchiki;rukia.kuchiki@hero.net;ChappyL0ve!;Anime;
Asuka Langley;asuka.langley@fictional.com;EvaPilot#02!;Anime;
Madara Uchiha;madara.uchiha@hero.net;;Anime;
Gray Fullbuster;gray.fullbuster@fictional.com;;Anime;
Luffy;luffy@magicmail.com;PirateKing2024!;Anime;
Vegeta;vegeta@hero.net;PrinceOfSaiyans!;Anime;
Sanji;sanji@magicmail.com;;Anime;
Lucy Heartfilia;lucy.heartfilia@adventure.org;;Anime;
Deku;deku@magicmail.com;OneForAll!123;Anime;
Deku;deku@fictional.com;OneForAll!123;Anime;
Kagome;kagome@magicmail.com;;Anime;
Sasuke;sasuke@hero.net;Sharingan123!;Anime;
Frieza;frieza@hero.net;;Anime;
Goku;goku@fictional.com;Kamehameha!!123;Anime;
Ichigo;ichigo@animeworld.jp;Bankai!2024;Anime;
Saitama;saitama@hero.net;OnePunch2024!;Anime;
Alphonse Elric;alphonse.elric@adventure.org;ArmoredSoul2024;Anime;
Todoroki;todoroki@animeworld.jp;HalfColdHalfHot!;Anime;
Nami;nami@animeworld.jp;;Anime;
Saitama;saitama@magicmail.com;OnePunch2024!;Anime;
Goku;goku@adventure.org;Kamehameha!!123;Anime;
Edward Elric;edward.elric@adventure.org;Fullmetal123!;Anime;
Naruto;naruto@adventure.org;BelieveIt!@2024;Anime;
Ichigo;ichigo@hero.net;Bankai!2024;Anime;
Cell;cell@fictional.com;;Anime;
Nami;nami@fictional.com;;Anime;
Zoro;zoro@magicmail.com;;Anime;
Mikasa Ackerman;mikasa.ackerman@hero.net;ProtectEren123!;Anime;
Asuka Langley;asuka.langley@adventure.org;EvaPilot#02!;Anime;
Inuyasha;inuyasha@magicmail.com;;Anime;
Rukia Kuchiki;rukia.kuchiki@adventure.org;ChappyL0ve!;Anime;
Sango;sango@fictional.com;;Anime;
Nami;nami@fictional.com;;Anime;
Mikasa Ackerman;mikasa.ackerman@magicmail.com;ProtectEren123!;Anime;
Sasuke;sasuke@fictional.com;Sharingan123!;Anime;
Ichigo;ichigo@adventure.org;Bankai!2024;Anime;
Madara Uchiha;madara.uchiha@fictional.com;;Anime;
Eren Jaeger;eren.jaeger@animeworld.jp;TitanShifter!123;Anime;
Kenshin;kenshin@hero.net;Battousai!@2024;Anime;
Kagome;kagome@magicmail.com;;Anime;
Alphonse Elric;alphonse.elric@hero.net;ArmoredSoul2024;Anime;
Saitama;saitama@adventure.org;OnePunch2024!;Anime;
Mikasa Ackerman;mikasa.ackerman@magicmail.com;ProtectEren123!;Anime;
Kakashi;kakashi@animeworld.jp;;Anime;
Madara Uchiha;madara.uchiha@fictional.com;;Anime;
Edward Elric;edward.elric@adventure.org;Fullmetal123!;Anime;
Piccolo;piccolo@animeworld.jp;;Anime;
Naruto;naruto@fictional.com;BelieveIt!@2024;Anime;
Kenshin;kenshin@fictional.com;Battousai!@2024;Anime;
Cell;cell@magicmail.com;;Anime;
Ichigo;ichigo@adventure.org;Bankai!2024;Anime;
Sasuke;sasuke@adventure.org;Sharingan123!;Anime;
Todoroki;todoroki@animeworld.jp;HalfColdHalfHot!;Anime;
Mikasa Ackerman;mikasa.ackerman@animeworld.jp;ProtectEren123!;Anime;
Vegeta;vegeta@magicmail.com;PrinceOfSaiyans!;Anime;
Vegeta;vegeta@magicmail.com;PrinceOfSaiyans!;Anime;
Alphonse Elric;alphonse.elric@animeworld.jp;ArmoredSoul2024;Anime;
Sasuke;sasuke@hero.net;Sharingan123!;Anime;
Todoroki;todoroki@hero.net;HalfColdHalfHot!;Anime;
Asuka Langley;asuka.langley@animeworld.jp;EvaPilot#02!;Anime;
Naruto;naruto@adventure.org;BelieveIt!@2024;Anime;
Kakashi;kakashi@animeworld.jp;;Anime;
Saitama;saitama@fictional.com;OnePunch2024!;Anime;
Kagome;kagome@adventure.org;;Anime;
Levi Ackerman;levi.ackerman@magicmail.com;HumanityStrongest!;Anime;
Majin Buu;majin.buu@fictional.com;;Anime;
Luffy;luffy@magicmail.com;PirateKing2024!;Anime;
Lucy Heartfilia;lucy.heartfilia@magicmail.com;;Anime;
Hercules;hercules@adventure.org;ZeroToHero!;Disney;
Ariel;ariel@adventure.org;UnderTheSea@2024;Disney;
Jack Sparrow;jack.sparrow@hero.net;PerlaNegra123;Disney;
Simba;simba@hero.net;CircleOfLife!@;Disney;
Belle;belle@adventure.org;TaleAsOldAsTime!;Disney;
Jack Sparrow;jack.sparrow@fictional.com;PerlaNegra123;Disney;
Mickey Mouse;mickey.mouse@magicmail.com;OhBoy!123;Disney;
Elsa;elsa@animeworld.jp;LetItGo!2024;Disney;
Ariel;ariel@hero.net;UnderTheSea@2024;Disney;
Goofy;goofy@magicmail.com;Gawrsh!2024;Disney;
Rapunzel;rapunzel@magicmail.com;LetDownYourHair!;Disney;
Donald Duck;donald.duck@adventure.org;QuackQuack007;Disney;
Elsa;elsa@animeworld.jp;LetItGo!2024;Disney;
Buzz Lightyear;buzz.lightyear@fictional.com;ToInfinity!123;Disney;
Jasmine;jasmine@hero.net;MagicCarpetRide!;Disney;
Simba;simba@animeworld.jp;CircleOfLife!@;Disney;
Moana;moana@animeworld.jp;WayFinder@2024;Disney;
Woody;woody@fictional.com;TheresASnake2024;Disney;
Goofy;goofy@magicmail.com;Gawrsh!2024;Disney;
Elizabeth Swann;elizabeth.swann@magicmail.com;PirateQueen2024;Disney;
Elsa;elsa@magicmail.com;LetItGo!2024;Disney;
Hercules;hercules@magicmail.com;ZeroToHero!;Disney;
Buzz Lightyear;buzz.lightyear@adventure.org;ToInfinity!123;Disney;
Elsa;elsa@magicmail.com;LetItGo!2024;Disney;
Belle;belle@animeworld.jp;TaleAsOldAsTime!;Disney;
Donald Duck;donald.duck@animeworld.jp;QuackQuack007;Disney;
Simba;simba@magicmail.com;CircleOfLife!@;Disney;
Anna;anna@animeworld.jp;IceQueen#123;Disney;
Hercules;hercules@adventure.org;ZeroToHero!;Disney;
Aladdin;aladdin@fictional.com;DiamondInTheRough!;Disney;
Buzz Lightyear;buzz.lightyear@fictional.com;ToInfinity!123;Disney;
Simba;simba@fictional.com;CircleOfLife!@;Disney;
Mufasa;mufasa@magicmail.com;KingOfPrideRock!;Disney;
Ariel;ariel@magicmail.com;UnderTheSea@2024;Disney;
Elizabeth Swann;elizabeth.swann@animeworld.jp;PirateQueen2024;Disney;
Elizabeth Swann;elizabeth.swann@fictional.com;PirateQueen2024;Disney;
Hercules;hercules@animeworld.jp;ZeroToHero!;Disney;
Moana;moana@adventure.org;WayFinder@2024;Disney;
Jack Sparrow;jack.sparrow@hero.net;PerlaNegra123;Disney;
Elsa;elsa@magicmail.com;LetItGo!2024;Disney;
Mickey Mouse;mickey.mouse@hero.net;OhBoy!123;Disney;
Elsa;elsa@fictional.com;LetItGo!2024;Disney;
Tiana;tiana@animeworld.jp;NewOrleansDream!;Disney;
Simba;simba@adventure.org;CircleOfLife!@;Disney;
Jack Sparrow;jack.sparrow@magicmail.com;PerlaNegra123;Disney;
Anna;anna@animeworld.jp;IceQueen#123;Disney;
Jasmine;jasmine@magicmail.com;MagicCarpetRide!;Disney;
Moana;moana@hero.net;WayFinder@2024;Disney;
Jack Sparrow;jack.sparrow@magicmail.com;PerlaNegra123;Disney;
Elsa;elsa@adventure.org;LetItGo!2024;Disney;
Tiana;tiana@fictional.com;NewOrleansDream!;Disney;
Elizabeth Swann;elizabeth.swann@adventure.org;PirateQueen2024;Disney;
Will Turner;will.turner@adventure.org;DavyJonesHeart!;Disney;
Tiana;tiana@adventure.org;NewOrleansDream!;Disney;
Elizabeth Swann;elizabeth.swann@magicmail.com;PirateQueen2024;Disney;
Elizabeth Swann;elizabeth.swann@fictional.com;PirateQueen2024;Disney;
Mickey Mouse;mickey.mouse@magicmail.com;OhBoy!123;Disney;
Jasmine;jasmine@animeworld.jp;MagicCarpetRide!;Disney;
Elizabeth Swann;elizabeth.swann@hero.net;PirateQueen2024;Disney;
Elsa;elsa@adventure.org;LetItGo!2024;Disney;
Hercules;hercules@animeworld.jp;ZeroToHero!;Disney;
Belle;belle@hero.net;TaleAsOldAsTime!;Disney;
Mickey Mouse;mickey.mouse@magicmail.com;OhBoy!123;Disney;
Moana;moana@fictional.com;WayFinder@2024;Disney;
Ariel;ariel@fictional.com;UnderTheSea@2024;Disney;
Tiana;tiana@adventure.org;NewOrleansDream!;Disney;
Donald Duck;donald.duck@adventure.org;QuackQuack007;Disney;
Mickey Mouse;mickey.mouse@fictional.com;OhBoy!123;Disney;
Hercules;hercules@magicmail.com;ZeroToHero!;Disney;
Anna;anna@fictional.com;IceQueen#123;Disney;
Aladdin;aladdin@magicmail.com;DiamondInTheRough!;Disney;
Moana;moana@animeworld.jp;WayFinder@2024;Disney;
Hercules;hercules@magicmail.com;ZeroToHero!;Disney;
Moana;moana@hero.net;WayFinder@2024;Disney;
Simba;simba@magicmail.com;CircleOfLife!@;Disney;
Anna;anna@adventure.org;IceQueen#123;Disney;
Ariel;ariel@hero.net;UnderTheSea@2024;Disney;
Elizabeth Swann;elizabeth.swann@animeworld.jp;PirateQueen2024;Disney;
Will Turner;will.turner@fictional.com;DavyJonesHeart!;Disney;
Woody;woody@hero.net;TheresASnake2024;Disney;
Ariel;ariel@fictional.com;UnderTheSea@2024;Disney;
Tiana;tiana@animeworld.jp;NewOrleansDream!;Disney;
Ariel;ariel@animeworld.jp;UnderTheSea@2024;Disney;
Aladdin;aladdin@adventure.org;DiamondInTheRough!;Disney;
Tiana;tiana@adventure.org;NewOrleansDream!;Disney;
Rapunzel;rapunzel@adventure.org;LetDownYourHair!;Disney;
Elsa;elsa@animeworld.jp;LetItGo!2024;Disney;
Donald Duck;donald.duck@fictional.com;QuackQuack007;Disney;
Mufasa;mufasa@hero.net;KingOfPrideRock!;Disney;
Aladdin;aladdin@hero.net;DiamondInTheRough!;Disney;
Goofy;goofy@hero.net;Gawrsh!2024;Disney;
Hercules;hercules@adventure.org;ZeroToHero!;Disney;
Belle;belle@hero.net;TaleAsOldAsTime!;Disney;
Simba;simba@hero.net;CircleOfLife!@;Disney;
Tiana;tiana@magicmail.com;NewOrleansDream!;Disney;
Mufasa;mufasa@adventure.org;KingOfPrideRock!;Disney;
Hercules;hercules@fictional.com;ZeroToHero!;Disney;
Rapunzel;rapunzel@adventure.org;LetDownYourHair!;Disney;
Donald Duck;donald.duck@adventure.org;QuackQuack007;Disney;
Goofy;goofy@fictional.com;Gawrsh!2024;Disney;
Simba;simba@fictional.com;CircleOfLife!@;Disney;
Jack Sparrow;jack.sparrow@adventure.org;PerlaNegra123;Disney;
Mickey Mouse;mickey.mouse@animeworld.jp;OhBoy!123;Disney;
Elsa;elsa@animeworld.jp;LetItGo!2024;Disney;
Tiana;tiana@animeworld.jp;NewOrleansDream!;Disney;
Aladdin;aladdin@magicmail.com;DiamondInTheRough!;Disney;
Donald Duck;donald.duck@animeworld.jp;QuackQuack007;Disney;
Goofy;goofy@adventure.org;Gawrsh!2024;Disney;
Simba;simba@animeworld.jp;CircleOfLife!@;Disney;
Moana;moana@fictional.com;WayFinder@2024;Disney;
Tiana;tiana@fictional.com;NewOrleansDream!;Disney;
Simba;simba@magicmail.com;CircleOfLife!@;Disney;
Will Turner;will.turner@magicmail.com;DavyJonesHeart!;Disney;
Belle;belle@fictional.com;TaleAsOldAsTime!;Disney;
Elizabeth Swann;elizabeth.swann@hero.net;PirateQueen2024;Disney;
Rapunzel;rapunzel@fictional.com;LetDownYourHair!;Disney;
Rapunzel;rapunzel@adventure.org;LetDownYourHair!;Disney;
Rapunzel;rapunzel@hero.net;LetDownYourHair!;Disney;
Donald Duck;donald.duck@hero.net;QuackQuack007;Disney;
Goofy;goofy@adventure.org;Gawrsh!2024;Disney;
Elsa;elsa@adventure.org;LetItGo!2024;Disney;
Simba;simba@fictional.com;CircleOfLife!@;Disney;
Rapunzel;rapunzel@adventure.org;LetDownYourHair!;Disney;
Jasmine;jasmine@hero.net;MagicCarpetRide!;Disney;
Anna;anna@adventure.org;IceQueen#123;Disney;
Elizabeth Swann;elizabeth.swann@hero.net;PirateQueen2024;Disney;
Hercules;hercules@magicmail.com;ZeroToHero!;Disney;
Simba;simba@magicmail.com;CircleOfLife!@;Disney;
Goofy;goofy@fictional.com;Gawrsh!2024;Disney;
Moana;moana@adventure.org;WayFinder@2024;Disney;
Hercules;hercules@fictional.com;ZeroToHero!;Disney;
Anna;anna@fictional.com;IceQueen#123;Disney;
Jasmine;jasmine@magicmail.com;MagicCarpetRide!;Disney;
Jasmine;jasmine@adventure.org;MagicCarpetRide!;Disney;
Mickey Mouse;mickey.mouse@magicmail.com;OhBoy!123;Disney;
Will Turner;will.turner@adventure.org;DavyJonesHeart!;Disney;
Jack Sparrow;jack.sparrow@animeworld.jp;PerlaNegra123;Disney;
Elizabeth Swann;elizabeth.swann@magicmail.com;PirateQueen2024;Disney;
Ariel;ariel@adventure.org;UnderTheSea@2024;Disney;
Ariel;ariel@adventure.org;UnderTheSea@2024;Disney;
Tiana;tiana@adventure.org;NewOrleansDream!;Disney;
Moana;moana@magicmail.com;WayFinder@2024;Disney;
Buzz Lightyear;buzz.lightyear@adventure.org;ToInfinity!123;Disney;
Will Turner;will.turner@animeworld.jp;DavyJonesHeart!;Disney;
Jack Sparrow;jack.sparrow@hero.net;PerlaNegra123;Disney;
Donald Duck;donald.duck@fictional.com;QuackQuack007;Disney;
Hercules;hercules@magicmail.com;ZeroToHero!;Disney;
Elizabeth Swann;elizabeth.swann@adventure.org;PirateQueen2024;Disney;
Belle;belle@animeworld.jp;TaleAsOldAsTime!;Disney;
Donald Duck;donald.duck@animeworld.jp;QuackQuack007;Disney;
Elizabeth Swann;elizabeth.swann@hero.net;PirateQueen2024;Disney;
Mickey Mouse;mickey.mouse@magicmail.com;OhBoy!123;Disney;
Goofy;goofy@magicmail.com;Gawrsh!2024;Disney;
Donald Duck;donald.duck@animeworld.jp;QuackQuack007;Disney;
Tiana;tiana@animeworld.jp;NewOrleansDream!;Disney;
Belle;belle@fictional.com;TaleAsOldAsTime!;Disney;
Goofy;goofy@hero.net;Gawrsh!2024;Disney;
Anna;anna@magicmail.com;IceQueen#123;Disney;
Anna;anna@adventure.org;IceQueen#123;Disney;
Elizabeth Swann;elizabeth.swann@hero.net;PirateQueen2024;Disney;
Elsa;elsa@fictional.com;LetItGo!2024;Disney;
Donald Duck;donald.duck@fictional.com;QuackQuack007;Disney;
Rapunzel;rapunzel@animeworld.jp;LetDownYourHair!;Disney;
Belle;belle@fictional.com;TaleAsOldAsTime!;Disney;
Mickey Mouse;mickey.mouse@magicmail.com;OhBoy!123;Disney;
Simba;simba@adventure.org;CircleOfLife!@;Disney;
Moana;moana@fictional.com;WayFinder@2024;Disney;
Buzz Lightyear;buzz.lightyear@fictional.com;ToInfinity!123;Disney;
Belle;belle@animeworld.jp;TaleAsOldAsTime!;Disney;
Jasmine;jasmine@adventure.org;MagicCarpetRide!;Disney;
Moana;moana@adventure.org;WayFinder@2024;Disney;
Jasmine;jasmine@hero.net;MagicCarpetRide!;Disney;
Will Turner;will.turner@adventure.org;DavyJonesHeart!;Disney;
Tiana;tiana@magicmail.com;NewOrleansDream!;Disney;
Will Turner;will.turner@magicmail.com;DavyJonesHeart!;Disney;
Goofy;goofy@fictional.com;Gawrsh!2024;Disney;
Ariel;ariel@adventure.org;UnderTheSea@2024;Disney;
Donald Duck;donald.duck@animeworld.jp;QuackQuack007;Disney;
Buzz Lightyear;buzz.lightyear@adventure.org;ToInfinity!123;Disney;
Jack Sparrow;jack.sparrow@hero.net;PerlaNegra123;Disney;
Moana;moana@animeworld.jp;WayFinder@2024;Disney;
Elizabeth Swann;elizabeth.swann@animeworld.jp;PirateQueen2024;Disney;
Moana;moana@fictional.com;WayFinder@2024;Disney;
Donald Duck;donald.duck@fictional.com;QuackQuack007;Disney;
Will Turner;will.turner@animeworld.jp;DavyJonesHeart!;Disney;
Mickey Mouse;mickey.mouse@hero.net;OhBoy!123;Disney;
Donald Duck;donald.duck@hero.net;QuackQuack007;Disney;
Ariel;ariel@magicmail.com;UnderTheSea@2024;Disney;
Jack Sparrow;jack.sparrow@magicmail.com;PerlaNegra123;Disney;
Aladdin;aladdin@magicmail.com;DiamondInTheRough!;Disney;
Mickey Mouse;mickey.mouse@animeworld.jp;OhBoy!123;Disney;
Aladdin;aladdin@adventure.org;DiamondInTheRough!;Disney;
Ariel;ariel@adventure.org;UnderTheSea@2024;Disney;
Will Turner;will.turner@hero.net;DavyJonesHeart!;Disney;
Buzz Lightyear;buzz.lightyear@fictional.com;ToInfinity!123;Disney;
Donald Duck;donald.duck@animeworld.jp;QuackQuack007;Disney;
Aladdin;aladdin@adventure.org;DiamondInTheRough!;Disney;
Moana;moana@animeworld.jp;WayFinder@2024;Disney;
Simba;simba@hero.net;CircleOfLife!@;Disney;
Simba;simba@fictional.com;CircleOfLife!@;Disney;